,,,,,,,,,,,,,,,,,
,,,,,,,,,,,,,,,,,
,,,Rank,Player Name,Pos rank,Team,Bye,Pass yards,Pass TD,Int,Rush Yards,Rush TD,Receptions,Receicing Yards,Receiving TD,Fantasy Points,Value
,,,,,,,,,,,,,,,,,
,,,1,Christian McCaffrey,RB1,SF,9,0,0,0,919,7.4,71,566,3.1,246.9,165.9
,,,2,Austin Ekeler,RB2,LAC,5,0,0,0,684,6.3,78,634,4.7,236.9,155.9
,,,3,Justin Jefferson,WR1,MIN,13,0,0,0,18,0.4,104,1434,8.7,251.6,148.2
,,,4,Saquon Barkley,RB3,NYG,13,0,0,0,1102,8.2,49,344,1.3,226.1,145.1
,,,5,Jonathan Taylor,RB4,IND,11,0,0,0,1342,8.4,29,207,1,225.9,144.9
,,,6,Ja'Marr Chase,WR2,CIN,7,0,0,0,14,0.1,101,1347,9.9,246.5,143.1
,,,7,Tyreek Hill,WR3,MIA,10,0,0,0,33,0.6,100,1381,8.6,246.4,143
,,,8,Bijan Robinson,RB5,ATL,11,0,0,0,1098,8.2,38,331,1.8,221.9,140.9
,,,9,Nick Chubb,RB6,CLE,5,0,0,0,1232,9.5,26,222,1,221.5,140.5
,,,10,Josh Jacobs,RB7,LV,13,0,0,0,1177,9.4,35,254,0.7,221,140
,,,11,Cooper Kupp,WR4,LAR,10,0,0,0,41,0.4,108,1285,8.9,242.5,139.1
,,,12,Tony Pollard,RB8,DAL,7,0,0,0,983,8.1,44,358,2,216.7,135.7
,,,13,Travis Kelce,TE1,KC,10,0,0,0,8,0.4,95,1180,9.9,227.9,126.8
,,,14,Stefon Diggs,WR5,BUF,13,0,0,0,0,0,101,1282,8.5,229.6,126.2
,,,15,Breece Hall,RB9,NYJ,7,0,0,0,948,6.8,45,368,2,206.8,125.8
,,,16,Derrick Henry,RB10,TEN,7,0,0,0,1228,8.8,21,181,0.4,206.7,125.7
,,,17,Rhamondre Stevenson,RB11,NE,11,0,0,0,961,8,44,308,0.8,201.6,120.6
,,,18,Josh Allen,QB1,BUF,13,4288,32.4,13.4,623,5.8,0,5,0.1,385.9,120
,,,19,CeeDee Lamb,WR6,DAL,7,0,0,0,47,0.4,96,1226,7.2,220.7,117.3
,,,20,Garrett Wilson,WR7,NYJ,7,0,0,0,15,0.1,89,1187,9,219.3,115.9
,,,21,A.J. Brown,WR8,PHI,10,0,0,0,10,0.1,86,1211,8.1,214.2,110.8
,,,22,Amon-Ra St. Brown,WR9,DET,9,0,0,0,38,0.3,101,1165,6.9,213.9,110.5
,,,23,Patrick Mahomes,QB2,KC,10,4716,36.2,11,315,3,0,0,0,372,108.9
,,,24,Travis Etienne Jr.,RB12,JAC,9,0,0,0,868,6.6,43,336,1.3,189.1,108.1
,,,25,Jalen Hurts,QB3,PHI,10,3956,24,8.9,695,8.8,0,0,0,367.6,105.4
,,,26,Joe Burrow,QB4,CIN,7,4731,35.5,11.7,251,3.4,0,0,0,365,103.3
,,,27,Tee Higgins,WR10,CIN,7,0,0,0,12,0.1,82,1086,8.8,204.1,100.7
,,,28,Joe Mixon,RB13,CIN,7,0,0,0,783,7,41,305,1.6,181.1,100.1
,,,29,Najee Harris,RB14,PIT,6,0,0,0,977,7.2,26,180,1,178,97
,,,30,Jahmyr Gibbs,RB15,DET,9,0,0,0,721,5.6,46,351,2.2,177.2,96.2
,,,31,Davante Adams,WR11,LV,13,0,0,0,4,0,83,1089,7.9,198.2,94.8
,,,32,Chris Olave,WR12,NO,11,0,0,0,8,0,87,1147,6.5,198,94.6
,,,33,Kenneth Walker III,RB16,SEA,5,0,0,0,943,6.7,27,192,0.3,168.9,87.9
,,,34,Miles Sanders,RB17,CAR,7,0,0,0,946,6.2,25,180,0.7,166.5,85.5
,,,35,DK Metcalf,WR13,SEA,5,0,0,0,10,0.1,81,987,7.3,184.7,81.3
,,,36,Jaylen Waddle,WR14,MIA,10,0,0,0,14,0.1,84,1022,6.3,184.2,80.8
,,,37,David Montgomery,RB18,DET,9,0,0,0,838,8,20,153,0.7,161.5,80.5
,,,38,Aaron Jones,RB19,GB,6,0,0,0,726,4.8,38,306,1.5,160.2,79.2
,,,39,Mark Andrews,TE2,BAL,13,0,0,0,11,0,75,899,7.2,171.6,76.2
,,,39,Cam Akers,RB20,LAR,10,0,0,0,849,6.5,24,172,0.7,157.2,76.2
,,,41,Christian Watson,WR15,GB,6,0,0,0,15,0.2,80,1006,5.9,178.7,75.3
,,,42,Deebo Samuel,WR16,SF,9,0,0,0,220,2.9,60,830,4.3,178.4,75
,,,43,Justin Fields,QB5,CHI,13,3239,21.4,12.6,879,6.4,0,0,0,328.9,74.4
,,,44,J.K. Dobbins,RB21,BAL,13,0,0,0,960,5.8,15,102,1,154.5,73.5
,,,45,DJ Moore,WR17,CHI,13,0,0,0,24,0.2,74,988,6.2,176.7,73.3
,,,46,Lamar Jackson,QB6,BAL,13,3474,24.2,10.4,815,3.4,0,0,0,327.3,73.1
,,,47,James Conner,RB22,ARI,14,0,0,0,717,6,33,247,0.7,153.1,72.1
,,,48,DeVonta Smith,WR18,PHI,10,0,0,0,7,0.1,82,993,5.6,175.2,71.8
,,,49,Isiah Pacheco,RB23,KC,10,0,0,0,795,5.7,22,187,1.5,152.2,71.2
,,,50,Justin Herbert,QB7,LAC,5,4518,29.8,9.8,230,1.7,1,0,0,323.8,70.3
,,,51,Calvin Ridley,WR19,JAC,9,0,0,0,0,0,73,927,7.4,173.4,70
,,,52,Terry McLaurin,WR20,WAS,14,0,0,0,15,0.1,75,1008,5.3,172.1,68.7
,,,53,Dameon Pierce,RB24,HOU,7,0,0,0,830,5.9,22,148,0.4,146.5,65.5
,,,54,Jerry Jeudy,WR21,DEN,9,0,0,0,6,0,76,981,5.2,168.1,64.7
,,,55,Drake London,WR22,ATL,11,0,0,0,5,0,77,950,5.7,168,64.6
,,,56,DeAndre Hopkins,WR23,ARI,14,0,0,0,4,0,82,943,5.3,167.6,64.2
,,,57,Brian Robinson,RB25,WAS,14,0,0,0,861,6.1,16,119,0.4,144.9,63.9
,,,58,Alexander Mattison,RB26,MIN,13,0,0,0,656,5.7,30,217,1.1,143.1,62.1
,,,59,Trevor Lawrence,QB8,JAC,9,4245,27.4,10.3,255,3,0,0,0,312.6,61.4
,,,60,Mike Williams,WR24,LAC,5,0,0,0,0,0,72,920,6,164.2,60.8
,,,61,Amari Cooper,WR25,CLE,5,0,0,0,0,0,73,912,6,163.7,60.3
,,,62,D'Andre Swift,RB27,PHI,10,0,0,0,690,5,31,231,0.5,140.6,59.6
,,,63,Javonte Williams,RB28,DEN,9,0,0,0,677,5.1,30,215,0.8,139.7,58.7
,,,64,Dalvin Cook,RB29,MIN,13,0,0,0,748,5.7,22,161,0.6,139.6,58.6
,,,65,George Pickens,WR26,PIT,6,0,0,0,30,0.2,73,963,4,161,57.6
,,,66,Christian Kirk,WR27,JAC,9,0,0,0,26,0.2,75,850,5.7,160.6,57.2
,,,66,Rachaad White,RB30,TB,5,0,0,0,642,4.5,34,251,0.8,138.2,57.2
,,,68,Deshaun Watson,QB9,CLE,5,3833,24.3,11.7,414,4.2,0,0,0,305.4,55.6
,,,69,Keenan Allen,WR28,LAC,5,0,0,0,0,0,72,823,6.4,156.7,53.3
,,,70,AJ Dillon,RB31,GB,6,0,0,0,728,6.4,15,120,0.4,133.3,52.3
,,,71,Chris Godwin,WR29,TB,5,0,0,0,9,0.1,79,890,4.1,154.4,51
,,,72,Daniel Jones,QB10,NYG,13,3603,19.4,9.7,567,5.1,0,0,0,299.4,50.8
,,,73,Treylon Burks,WR30,TEN,7,0,0,0,40,0.2,69,882,4.2,152.9,49.5
,,,74,Michael Pittman Jr.,WR31,IND,11,0,0,0,8,0,64,887,5.2,152.5,49.1
,,,75,Geno Smith,QB11,SEA,5,4077,25.6,10.2,319,1.5,0,0,0,296.1,48.2
,,,76,T.J. Hockenson,TE3,MIN,13,0,0,0,0,0,74,766,4.5,140.4,48.1
,,,77,Kadarius Toney,WR32,KC,10,0,0,0,60,0.6,66,777,5.1,150.8,47.4
,,,78,Khalil Herbert,RB32,CHI,13,0,0,0,707,4.8,20,151,0.5,127.6,46.6
,,,79,Gabe Davis,WR33,BUF,13,0,0,0,17,0.1,62,817,5.8,149.6,46.2
,,,80,George Kittle,TE4,SF,9,0,0,0,9,0.2,55,721,5.9,137,45
,,,81,Tyler Lockett,WR34,SEA,5,0,0,0,4,0,63,825,5.6,147.9,44.5
,,,82,Dak Prescott,QB12,DAL,7,3945,26.3,13,254,2.6,0,0,0,291,44.1
,,,83,Alvin Kamara,RB33,NO,11,0,0,0,455,2.3,41,330,1.8,123.8,42.8
,,,84,Mike Evans,WR35,TB,5,0,0,0,0,0,61,845,5,145.2,41.8
,,,85,Rashaad Penny,RB34,PHI,10,0,0,0,645,7.6,9,63,0.2,122.3,41.3
,,,86,Tua Tagovailoa,QB13,MIA,10,4219,26.9,11.2,115,1.5,0,0,0,285.7,39.9
,,,87,Kirk Cousins,QB14,MIN,13,4298,27,12.9,90,1.5,0,0,0,285,39.3
,,,88,Jaxon Smith-Njigba,WR36,SEA,5,0,0,0,29,0.3,54,803,5,142.1,38.7
,,,89,Brandon Aiyuk,WR37,SF,9,0,0,0,16,0.1,58,822,4.7,141.8,38.4
,,,90,James Cook,RB35,BUF,13,0,0,0,480,2,40,287,1.8,119.3,38.3
,,,91,Samaje Perine,RB36,DEN,9,0,0,0,546,3.4,30,207,1.2,117.9,36.9
,,,92,Antonio Gibson,RB37,WAS,14,0,0,0,399,3,41,316,1.3,117.7,36.7
,,,93,Devon Achane,RB38,MIA,10,0,0,0,481,3,37,238,1.3,116,35
,,,94,Anthony Richardson,QB15,IND,11,2721,15.8,10.3,801,6,0,0,0,277.9,33.6
,,,95,Damien Harris,RB39,BUF,13,0,0,0,600,4.3,19,141,0.8,114.3,33.3
,,,96,Elijah Mitchell,RB40,SF,9,0,0,0,625,4.7,16,120,0.6,114.1,33.1
,,,97,Tyler Allgeier,RB41,ATL,11,0,0,0,672,4.8,12,94,0.4,113.8,32.8
,,,98,Jared Goff,QB16,DET,9,4206,26,10.9,71,1.1,0,0,0,275,31.3
,,,98,Jordan Addison,WR38,MIN,13,0,0,0,5,0,64,775,4.1,134.7,31.3
,,,100,Dallas Goedert,TE5,PHI,10,0,0,0,0,0,56,679,4.2,120.9,30.5
,,,101,Zach Charbonnet,RB42,SEA,5,0,0,0,569,3.7,25,179,0.3,111.4,30.4
,,,102,Marquise Brown,WR39,ARI,14,0,0,0,0,0,68,774,3.7,133.5,30.1
,,,103,Aaron Rodgers,QB17,NYJ,7,3942,27,11,67,1.8,0,0,0,272.1,29
,,,103,Kyle Pitts,TE6,ATL,11,0,0,0,0,0,55,666,4.2,119.2,29
,,,105,Chigoziem Okonkwo,TE7,TEN,7,0,0,0,11,0.1,55,673,3.6,118.2,28.1
,,,106,Rashod Bateman,WR40,BAL,13,0,0,0,11,0.1,55,711,4.8,129.1,25.7
,,,107,Jaylen Warren,RB43,PIT,6,0,0,0,433,2.6,32,244,1.2,106.3,25.3
,,,108,Devin Singletary,RB44,HOU,7,0,0,0,447,2.1,34,261,0.9,105.8,24.8
,,,109,Darren Waller,TE8,NYG,13,0,0,0,0,0,59,622,3.8,114.2,24.5
,,,110,Evan Engram,TE9,JAC,9,0,0,0,0,0,59,659,3.1,113.9,24.2
,,,111,Pat Freiermuth,TE10,PIT,6,0,0,0,0,0,57,611,3.9,112.9,23.3
,,,112,Diontae Johnson,WR41,PIT,6,0,0,0,26,0.2,64,707,3.3,126.5,23.1
,,,113,Jamaal Williams,RB45,NO,11,0,0,0,568,4.3,15,106,0.5,103.8,22.8
,,,114,JuJu Smith-Schuster,WR42,NE,11,0,0,0,0,0,62,688,4.4,126,22.6
,,,115,David Njoku,TE11,CLE,5,0,0,0,0,0,56,555,4.6,111.2,21.8
,,,116,Dalton Schultz,TE12,HOU,7,0,0,0,0,0,54,615,3.7,110.9,21.5
,,,117,Jahan Dotson,WR43,WAS,14,0,0,0,8,0.1,59,677,4.3,124.3,20.9
,,,118,Bryce Young,QB18,CAR,7,3602,21.2,13.7,286,2.8,0,0,0,260.5,19.7
,,,119,Quentin Johnston,WR44,LAC,5,0,0,0,21,0.1,57,683,3.8,122.1,18.7
,,,120,Russell Wilson,QB19,DEN,9,3643,20.8,14.1,245,2.6,0,0,0,254.9,15.2
,,,121,Allen Lazard,WR45,NYJ,7,0,0,0,4,0,50,676,4.2,118.2,14.8
,,,122,Cole Kmet,TE13,CHI,13,0,0,0,5,0,47,529,4.3,102.8,14.3
,,,123,Greg Dulcich,TE14,DEN,9,0,0,0,0,0,51,563,3.4,102.2,13.7
,,,124,Derek Carr,QB20,NO,11,3851,23.7,12.5,86,1.3,0,0,0,252.7,13.5
,,,124,Brandin Cooks,WR46,DAL,7,0,0,0,14,0.2,52,626,4.3,116.9,13.5
,,,126,Raheem Mostert,RB46,MIA,10,0,0,0,511,4.2,11,89,0.6,94.2,13.2
,,,126,Courtland Sutton,WR47,DEN,9,0,0,0,18,0,52,637,4.2,116.6,13.2
,,,126,Jameson Williams,WR47,DET,9,0,0,0,15,0.1,46,666,4.2,116.6,13.2
,,,129,Kenny Pickett,QB21,PIT,6,3683,19.1,13.7,258,2.7,0,0,0,252,12.9
,,,130,Jakobi Meyers,WR49,LV,13,0,0,0,20,0.1,58,671,2.9,116,12.6
,,,131,Nico Collins,WR50,HOU,7,0,0,0,7,0,52,685,3.4,115.4,12
,,,132,Skyy Moore,WR51,KC,10,0,0,0,17,0.3,50,636,3.8,115.1,11.7
,,,133,Juwan Johnson,TE15,NO,11,0,0,0,6,0.1,41,491,4.8,99.8,11.6
,,,134,Dalton Kincaid,TE16,BUF,13,0,0,0,0,0,45,516,4.3,99.7,11.5
,,,135,Elijah Moore,WR52,CLE,5,0,0,0,16,0.1,50,653,3.7,114.8,11.4
,,,136,Tyjae Spears,RB47,TEN,7,0,0,0,407,2.3,25,184,1.1,91.7,10.7
,,,137,Van Jefferson,WR53,LAR,10,0,0,0,7,0.1,44,632,4.5,113.4,10
,,,138,Dallas Cowboys,DST1,DAL,7,--,--,--,--,--,--,--,--,132.3,9.8
,,,139,Jordan Love,QB22,GB,6,3356,19.5,12.9,313,2.8,0,0,0,247.4,9.2
,,,139,Michael Mayer,TE17,LV,13,0,0,0,6,0.1,45,551,3.1,97.2,9.2
,,,141,San Francisco 49ers,DST2,SF,9,--,--,--,--,--,--,--,--,130.6,9
,,,142,Tyler Higbee,TE18,LAR,10,0,0,0,0,0,54,537,2.7,96.8,8.9
,,,142,Chase Brown,RB48,CIN,7,0,0,0,335,2.1,27,215,1.5,89.9,8.9
,,,144,Philadelphia Eagles,DST3,PHI,10,--,--,--,--,--,--,--,--,130.2,8.8
,,,145,Jeff Wilson Jr.,RB49,MIA,10,0,0,0,382,3.5,20,145,1,89.4,8.4
,,,146,Chase Edmonds,RB50,TB,5,0,0,0,513,3,14,101,0.4,89,8
,,,147,Chuba Hubbard,RB51,CAR,7,0,0,0,398,3,19,156,0.9,88.5,7.5
,,,148,Irv Smith Jr.,TE19,CIN,7,0,0,0,0,0,52,486,3.4,95,7.2
,,,149,Baltimore Ravens,DST4,BAL,13,--,--,--,--,--,--,--,--,126.8,7.1
,,,150,Justin Tucker,K1,BAL,13,--,--,--,--,--,--,--,--,145.9,6
,,,151,Matthew Stafford,QB23,LAR,10,3859,23.3,12.7,39,0.7,0,0,0,243,5.7
,,,152,Jason Myers,K2,SEA,5,--,--,--,--,--,--,--,--,144.7,5.4
,,,152,Zay Jones,WR54,JAC,9,0,0,0,20,0.1,48,586,3.9,108.8,5.4
,,,154,New England Patriots,DST5,NE,11,--,--,--,--,--,--,--,--,123.2,5.3
,,,155,Cameron Dicker,K3,LAC,5,--,--,--,--,--,--,--,--,144.4,5.2
,,,156,Dawson Knox,TE20,BUF,13,0,0,0,0,0,40,415,5.2,92.5,5
,,,156,Rashee Rice,WR55,KC,10,0,0,0,23,0.3,43,570,4.3,108.4,5
,,,158,Harrison Butker,K4,KC,10,--,--,--,--,--,--,--,--,143.8,4.9
,,,159,Zay Flowers,WR56,BAL,13,0,0,0,18,0.1,50,583,3.7,108.1,4.7
,,,159,C.J. Stroud,QB24,HOU,7,3551,18.4,15.1,262,2.4,0,4,0,241.8,4.7
,,,161,Buffalo Bills,DST6,BUF,13,--,--,--,--,--,--,--,--,121.1,4.2
,,,162,Romeo Doubs,WR57,GB,6,0,0,0,13,0.1,46,594,3.8,107.1,3.7
,,,162,Jonathan Mingo,WR57,CAR,7,0,0,0,19,0.1,44,610,3.6,107.1,3.7
,,,164,Greg Zuerlein,K5,NYJ,7,--,--,--,--,--,--,--,--,141,3.5
,,,164,D'Onta Foreman,RB52,CHI,13,0,0,0,530,3.5,7,56,0.2,84.5,3.5
,,,166,Jason Sanders,K6,MIA,10,--,--,--,--,--,--,--,--,140.5,3.3
,,,167,Carolina Panthers,DST7,CAR,7,--,--,--,--,--,--,--,--,118.9,3.1
,,,168,Evan McPherson,K7,CIN,7,--,--,--,--,--,--,--,--,139.9,3
,,,169,Gerald Everett,TE21,LAC,5,0,0,0,0,0,43,494,3.2,90,2.7
,,,170,Kansas City Chiefs,DST8,KC,10,--,--,--,--,--,--,--,--,117.8,2.6
,,,170,Greg Joseph,K8,MIN,13,--,--,--,--,--,--,--,--,139.2,2.6
,,,170,James Robinson,RB53,NE,11,0,0,0,459,3.6,12,83,0.3,83.6,2.6
,,,173,Clyde Edwards-Helaire,RB54,KC,10,0,0,0,302,2.2,23,192,1.6,83.4,2.4
,,,173,Donovan Peoples-Jones,WR59,CLE,5,0,0,0,7,0.1,46,616,3.3,105.8,2.4
,,,175,Cleveland Browns,DST9,CLE,5,--,--,--,--,--,--,--,--,117.3,2.3
,,,175,Tyler Bass,K9,BUF,13,--,--,--,--,--,--,--,--,138.5,2.3
,,,177,Marquez Valdes-Scantling,WR60,KC,10,0,0,0,0,0,46,590,3.9,105.4,2
,,,178,New York Giants,DST10,NYG,13,--,--,--,--,--,--,--,--,116.4,1.9
,,,178,Jacksonville Jaguars,DST10,JAC,9,--,--,--,--,--,--,--,--,116.4,1.9
,,,180,Cincinnati Bengals,DST12,CIN,7,--,--,--,--,--,--,--,--,116,1.7
,,,181,Jerick McKinnon,RB55,KC,10,0,0,0,253,1.9,26,197,2.2,82.6,1.6
,,,182,Michael Badgley,K10,DET,9,--,--,--,--,--,--,--,--,137,1.5
,,,183,New York Jets,DST13,NYJ,7,--,--,--,--,--,--,--,--,115.4,1.4
,,,183,Tyler Boyd,WR61,CIN,7,0,0,0,5,0,48,541,4.4,104.8,1.4
,,,185,New Orleans Saints,DST14,NO,11,--,--,--,--,--,--,--,--,115.2,1.3
,,,186,Jake Moody,K11,SF,9,--,--,--,--,--,--,--,--,136.4,1.2
,,,187,Riley Patterson,K12,JAC,9,--,--,--,--,--,--,--,--,136.2,1.1
,,,187,John Metchie III,WR62,HOU,7,0,0,0,11,0,45,622,3.1,104.5,1.1
,,,189,Daniel Carlson,K13,LV,13,--,--,--,--,--,--,--,--,135.7,0.9
,,,190,Pittsburgh Steelers,DST15,PIT,6,--,--,--,--,--,--,--,--,114.3,0.8
,,,191,Noah Fant,TE22,SEA,5,0,0,0,0,0,45,467,3.1,87.6,0.6
,,,191,Roschon Johnson,RB56,CHI,13,0,0,0,444,1.9,17,130,0.7,81.6,0.6
,,,193,Sam LaPorta,TE23,DET,9,0,0,0,6,0.1,40,463,3.3,87.4,0.4
,,,194,Nick Folk,K14,NE,11,--,--,--,--,--,--,--,--,134.4,0.2
,,,194,DJ Chark Jr.,WR63,CAR,7,0,0,0,6,0.1,48,575,3.5,103.6,0.2
,,,196,Odell Beckham Jr.,WR64,BAL,13,0,0,0,0,0,50,564,3.7,103.5,0.1
,,,197,Zach Evans,RB57,LAR,10,0,0,0,437,2.2,16,129,0.5,80.9,-0.1
,,,198,Jake Elliott,K15,PHI,10,--,--,--,--,--,--,--,--,133.6,-0.4
,,,199,Younghoe Koo,K16,ATL,11,--,--,--,--,--,--,--,--,133.5,-0.5
,,,200,Tyquan Thornton,WR65,NE,11,0,0,0,25,0.2,42,564,3.6,102.8,-0.6
,,,201,Terrace Marshall Jr.,WR66,CAR,7,0,0,0,13,0.1,49,559,3.4,102.7,-0.7
,,,202,Jimmy Garoppolo,QB25,LV,13,3825,21.4,12.4,35,0.9,0,0,0,235.1,-0.8
,,,203,Wil Lutz,K17,NO,11,--,--,--,--,--,--,--,--,132.6,-1.4
,,,204,Mike Gesicki,TE24,NE,11,0,0,0,0,0,43,466,2.9,85.5,-1.5
,,,205,Rashid Shaheed,WR67,NO,11,0,0,0,39,0.3,41,580,2.9,101.8,-1.6
,,,205,Cade York,K18,CLE,5,--,--,--,--,--,--,--,--,132.4,-1.6
,,,207,K.J. Osborn,WR68,MIN,13,0,0,0,5,0,47,526,4.2,101.7,-1.7
,,,208,Seattle Seahawks,DST16,SEA,5,--,--,--,--,--,--,--,--,110.7,-1.9
,,,208,Brandon McManus,K19,DEN,9,--,--,--,--,--,--,--,--,132.1,-1.9
,,,210,Chase McLaughlin,K20,TB,5,--,--,--,--,--,--,--,--,131.4,-2.6
,,,211,Tyler Conklin,TE25,NYJ,7,0,0,0,4,0,42,406,3.7,84.3,-2.7
,,,212,Adam Thielen,WR69,CAR,7,0,0,0,0,0,46,583,3.1,100.1,-3.3
,,,213,Michael Thomas,WR70,NO,11,0,0,0,0,0,47,567,3.3,100,-3.4
,,,213,Hayden Hurst,TE26,CAR,7,0,0,0,0,0,43,446,2.9,83.6,-3.4
,,,215,Eddy Pineiro,K21,CAR,7,--,--,--,--,--,--,--,--,130.5,-3.5
,,,216,Joey Slye,K22,WAS,14,--,--,--,--,--,--,--,--,129.8,-4.2
,,,217,Kendre Miller,RB58,NO,11,0,0,0,369,1.8,21,152,0.5,76.3,-4.7
,,,218,Curtis Samuel,WR71,WAS,14,0,0,0,138,0.7,36,424,3.4,98.6,-4.8
,,,219,Indianapolis Colts,DST17,IND,11,--,--,--,--,--,--,--,--,107.6,-5
,,,220,Ka'imi Fairbairn,K23,HOU,7,--,--,--,--,--,--,--,--,128.9,-5.1
,,,220,Darnell Mooney,WR72,CHI,13,0,0,0,11,0.1,43,546,3.4,98.3,-5.1
,,,220,Mac Jones,QB26,NE,11,3494,20.1,11.7,115,1.8,0,0,0,230.8,-5.1
,,,223,Detroit Lions,DST18,DET,9,--,--,--,--,--,--,--,--,107.3,-5.3
,,,224,Los Angeles Chargers,DST19,LAC,5,--,--,--,--,--,--,--,--,107.1,-5.5
,,,225,Chris Boswell,K24,PIT,6,--,--,--,--,--,--,--,--,128.4,-5.6
,,,226,Jalin Hyatt,WR73,NYG,13,0,0,0,11,0.1,45,563,2.9,97.7,-5.7
,,,227,Tampa Bay Buccaneers,DST20,TB,5,--,--,--,--,--,--,--,--,106.6,-6
,,,228,Minnesota Vikings,DST21,MIN,13,--,--,--,--,--,--,--,--,105.7,-6.9
,,,229,Michael Carter,RB59,NYJ,7,0,0,0,265,1.1,28,203,1.1,74,-7
,,,229,Pierre Strong Jr.,RB59,NE,11,0,0,0,221,1.4,29,229,1,74,-7
,,,231,Desmond Ridder,QB27,ATL,11,3066,17.9,11.2,289,2.8,0,0,0,228.7,-7.2
,,,232,Green Bay Packers,DST22,GB,6,--,--,--,--,--,--,--,--,105.3,-7.3
,,,233,Anders Carlson,K25,GB,6,--,--,--,--,--,--,--,--,126.2,-7.8
,,,234,Graham Gano,K26,NYG,13,--,--,--,--,--,--,--,--,126,-8
,,,234,Nick Westbrook-Ikhine,WR74,TEN,7,0,0,0,8,0.1,40,563,2.9,95.4,-8
,,,234,Matt Gay,K26,IND,11,--,--,--,--,--,--,--,--,126,-8
,,,237,Jake Ferguson,TE27,DAL,7,0,0,0,0,0,40,379,3.4,78.2,-8.8
,,,238,Cairo Santos,K28,CHI,13,--,--,--,--,--,--,--,--,125.1,-8.9
,,,239,Denver Broncos,DST23,DEN,9,--,--,--,--,--,--,--,--,103.4,-9.2
,,,240,Washington Commanders,DST24,WAS,14,--,--,--,--,--,--,--,--,102.7,-9.9
,,,241,Israel Abanikanda,RB61,NYJ,7,0,0,0,391,2,13,97,0.6,70.8,-10.2
,,,242,Tank Bigsby,RB62,JAC,9,0,0,0,326,2,17,136,0.6,70.4,-10.6
,,,243,Taysom Hill,TE28,NO,11,127,0.7,0.3,332,3.1,8,93,0.5,75.7,-11.3
,,,244,Cade Otton,TE29,TB,5,0,0,0,0,0,37,423,2.5,75.5,-11.5
,,,245,Gus Edwards,RB63,BAL,13,0,0,0,409,3.6,3,34,0.3,69.4,-11.6
,,,246,Tennessee Titans,DST25,TEN,7,--,--,--,--,--,--,--,--,100.2,-12.4
,,,246,Hunter Renfrow,WR75,LV,13,0,0,0,9,0.1,46,499,2.8,91,-12.4
,,,248,Miami Dolphins,DST26,MIA,10,--,--,--,--,--,--,--,--,99.8,-12.8
,,,249,Michael Gallup,WR76,DAL,7,0,0,0,16,0.2,39,498,3,90.3,-13.1
,,,250,Atlanta Falcons,DST27,ATL,11,--,--,--,--,--,--,--,--,99.3,-13.3
,,,250,Caleb Shudak,K29,TEN,7,--,--,--,--,--,--,--,--,120.7,-13.3
,,,252,Matt Prater,K30,ARI,14,--,--,--,--,--,--,--,--,119.1,-14.9
,,,253,Kenneth Gainwell,RB64,PHI,10,0,0,0,257,2.5,19,134,0.4,66,-15
,,,254,Joshua Palmer,WR77,LAC,5,0,0,0,7,0,42,504,2.7,88.2,-15.2
,,,255,Mecole Hardman,WR78,NYJ,7,0,0,0,59,0.4,40,473,2,87.5,-15.9
,,,256,Isaiah Hodgins,WR79,NYG,13,0,0,0,7,0.1,39,477,3,86.5,-16.9
,,,257,Houston Texans,DST28,HOU,7,--,--,--,--,--,--,--,--,94.8,-17.8
,,,257,Khalil Shakir,WR80,BUF,13,0,0,0,0,0,37,479,3.2,85.6,-17.8
,,,259,Marvin Jones Jr.,WR81,DET,9,0,0,0,0,0,41,522,2.1,85.2,-18.2
,,,260,Alec Pierce,WR82,IND,11,0,0,0,8,0.1,33,493,3,85.1,-18.3
,,,261,Trey McBride,TE30,ARI,14,0,0,0,4,0,35,339,2.8,68.3,-18.7
,,,262,Los Angeles Rams,DST29,LAR,10,--,--,--,--,--,--,--,--,93.6,-19
,,,262,Robert Woods,WR83,HOU,7,0,0,0,7,0,43,494,2.1,84.4,-19
,,,264,Ronald Jones,RB65,DAL,7,0,0,0,365,2.7,6,47,0.2,61.6,-19.4
,,,265,Ke'Shawn Vaughn,RB66,TB,5,0,0,0,235,1.8,20,146,0.4,61.5,-19.5
,,,266,Kyren Williams,RB67,LAR,10,0,0,0,245,1.7,18,138,0.6,61.2,-19.8
,,,267,DeVante Parker,WR84,NE,11,0,0,0,0,0,39,458,3,83.3,-20.1
,,,268,Jerome Ford,RB68,CLE,5,0,0,0,333,1.9,10,86,0.4,60.8,-20.2
,,,269,Chosen Anderson,WR85,MIA,10,0,0,0,0,0,33,476,3,82.2,-21.2
,,,269,Isaiah Spiller,RB69,LAC,5,0,0,0,258,1.8,16,116,0.6,59.8,-21.2
,,,271,Zamir White,RB70,LV,13,0,0,0,363,2.1,8,56,0.2,59.6,-21.4
,,,271,Jayden Reed,WR86,GB,6,0,0,0,26,0.2,35,452,2.6,82,-21.4
,,,273,Rondale Moore,WR87,ARI,14,0,0,0,21,0,46,450,1.9,81.4,-22
,,,274,Wan'Dale Robinson,WR88,NYG,13,0,0,0,35,0.2,41,426,2.2,81.2,-22.2
,,,275,Arizona Cardinals,DST30,ARI,14,--,--,--,--,--,--,--,--,90.1,-22.5
,,,275,Eric Saubert,TE31,MIA,10,0,0,0,0,0,28,331,2.9,64.5,-22.5
,,,277,Parris Campbell,WR89,NYG,13,0,0,0,7,0.1,41,462,2.1,80.7,-22.7
,,,278,Logan Thomas,TE32,WAS,14,0,0,0,0,0,33,346,2.2,64.2,-22.8
,,,279,Nathaniel Dell,WR90,HOU,7,0,0,0,20,0.1,42,451,2,80.5,-22.9
,,,280,Chicago Bears,DST31,CHI,13,--,--,--,--,--,--,--,--,89.4,-23.2
,,,281,Mack Hollins,WR91,ATL,11,0,0,0,5,0,37,468,2.4,80,-23.4
,,,282,Luke Schoonmaker,TE33,DAL,7,0,0,0,0,0,30,311,2.7,62.5,-24.5
,,,283,Hunter Henry,TE34,NE,11,0,0,0,0,0,32,319,2.4,62.4,-24.6
,,,284,DeWayne McBride,RB71,MIN,13,0,0,0,149,1.6,21,161,0.8,56,-25
,,,285,Chase Claypool,WR92,CHI,13,0,0,0,30,0.2,30,410,3,78.2,-25.2
,,,285,Luke Musgrave,TE35,GB,6,0,0,0,0,0,33,335,2,61.8,-25.2
,,,287,Ben Skowronek,WR93,LAR,10,0,0,0,11,0.1,42,425,2.1,77.9,-25.5
,,,288,Jelani Woods,TE36,IND,11,0,0,0,0,0,26,318,2.7,61,-26
,,,289,Daniel Bellinger,TE37,NYG,13,0,0,0,0,0,32,321,2.1,60.4,-26.6
,,,290,Demetric Felton Jr.,RB72,CLE,5,0,0,0,134,0.6,22,189,1.2,54.3,-26.7
,,,291,Joshua Kelley,RB73,LAC,5,0,0,0,300,2.1,8,58,0.3,54.2,-26.8
,,,292,Las Vegas Raiders,DST32,LV,13,--,--,--,--,--,--,--,--,85.7,-26.9
,,,293,Matt Breida,RB74,NYG,13,0,0,0,183,1.5,19,129,0.7,53.7,-27.3
,,,294,DeeJay Dallas,RB75,SEA,5,0,0,0,106,0.7,26,196,1,53.3,-27.7
,,,295,Isaiah Likely,TE38,BAL,13,0,0,0,0,0,30,312,2.1,58.9,-28.1
,,,296,Ameer Abdullah,RB76,LV,13,0,0,0,108,0.8,25,198,0.8,52.4,-28.6
,,,297,Russell Gage,WR94,TB,5,0,0,0,28,0.1,37,385,2.4,74.7,-28.7
,,,298,Trenton Irwin,WR95,CIN,7,0,0,0,9,0.1,33,386,3,74.6,-28.8
,,,299,Damarea Crockett,RB77,DEN,9,0,0,0,265,2,9,67,0.4,52,-29
,,,299,Tyler Badie,RB77,DEN,9,0,0,0,228,2.1,10,78,0.6,52,-29